txn_id,user_id,merchant,amount,currency,created_at,settled_at,status
T100000,U0102,STARK,475.6,USD,2025-05-21,2025-05-23,settled
T100001,U0121,WAYNE ENTERPRISES,54.49,USD,2025-05-24,2025-05-24,settled
T100002,U0099,BILL.COM,355.5,USD,2025-06-22,2025-06-23,settled
T100003,U0087,STARK,469.58,USD,2025-06-29,2025-06-29,settled
T100004,U0160,STARK,307.77,USD,2025-06-18,2025-06-20,settled
T100005,U0058,RELAY,74.05,USD,2025-06-29,2025-07-01,settled
T100006,U0189,WIX,393.66,USD,2025-06-13,2025-06-15,settled
T100007,U0063,ACME INC,27.99,USD,2025-05-07,2025-05-07,settled
T100008,U0072,RELAY,11.57,USD,2025-06-29,2025-06-30,missing_test_only
T100009,U0008,GLOBEX,53.35,USD,2025-05-28,2025-05-30,settled
T100010,U0187,RELAY,306.95,USD,2025-06-16,2025-06-18,settled
T100011,U0080,STARK,95.21,USD,2025-05-02,2025-05-03,settled
T100012,U0133,WIX,275.62,USD,2025-05-29,2025-05-31,settled
T100013,U0145,GLOBEX,227.63,USD,2025-06-05,2025-06-06,settled
T100013,U0145,GLOBEX,227.63,USD,2025-06-05,2025-06-06,settled
T100014,U0094,BILL.COM,166.64,USD,2025-05-23,2025-05-23,settled
T100015,U0189,BILL.COM,423.04,USD,2025-06-16,2025-06-16,settled
T100016,U0023,GLOBEX,482.8,USD,2025-06-29,2025-06-29,settled
T100017,U0040,HONEYBOOK,402.09,USD,2025-05-25,2025-05-27,settled
T100018,U0008,BILL.COM,200.47,USD,2025-05-24,2025-05-26,settled
T100019,U0138,WAYNE ENTERPRISES,354.89,USD,2025-06-04,2025-06-04,settled
T100020,U0122,HONEYBOOK,463.52,USD,2025-05-28,2025-05-30,settled
T100021,U0071,STARK,168.79,USD,2025-06-24,2025-06-26,settled
T100022,U0061,BILL.COM,334.63,USD,2025-06-09,2025-06-10,settled
T100023,U0034,ACME INC,194.55,USD,2025-05-14,2025-05-16,settled
T100024,U0000,HONEYBOOK,282.83,USD,2025-06-08,2025-06-10,settled
T100025,U0136,RELAY,216.63,USD,2025-06-29,2025-06-29,settled
T100026,U0178,RELAY,448.4,USD,2025-06-01,2025-06-02,settled
T100027,U0150,RELAY,208.14,USD,2025-05-29,2025-05-29,settled
T100028,U0159,RELAY,148.43,USD,2025-05-28,2025-05-29,settled
T100029,U0169,HONEYBOOK,151.34,USD,2025-05-28,2025-05-29,settled
T100030,U0189,WAYNE ENTERPRISES,165.55,USD,2025-05-25,2025-05-27,missing_test_only
T100031,U0189,ACME INC,139.71,USD,2025-06-26,2025-06-26,settled
T100032,U0002,RELAY,86.5,USD,2025-05-09,2025-05-10,settled
T100032,U0002,RELAY,86.5,USD,2025-05-09,2025-05-10,settled
T100033,U0164,ACME INC,64.33,USD,2025-05-24,2025-05-26,settled
T100034,U0058,WIX,113.29,USD,2025-06-10,2025-06-10,settled
T100035,U0061,ACME INC,130.69,USD,2025-06-08,2025-06-09,settled
T100036,U0130,ACME INC,78.3,USD,2025-05-17,2025-05-19,settled
T100037,U0112,GLOBEX,253.83,USD,2025-05-23,2025-05-23,settled
T100038,U0128,WAYNE ENTERPRISES,341.95,USD,2025-06-13,2025-06-14,settled
T100039,U0159,WIX,124.82,USD,2025-06-24,2025-06-26,settled
T100040,U0183,WAYNE ENTERPRISES,124.87,USD,2025-05-24,2025-05-24,settled
T100041,U0115,GLOBEX,318.6,USD,2025-06-17,2025-06-17,settled
T100042,U0123,WAYNE ENTERPRISES,97.33,USD,2025-05-03,2025-05-05,settled
T100043,U0163,WAYNE ENTERPRISES,357.02,USD,2025-05-20,2025-05-22,settled
T100044,U0051,ACME INC,347.01,USD,2025-05-18,2025-05-18,settled
T100045,U0010,STARK,368.93,USD,2025-05-23,2025-05-25,settled
T100046,U0041,WAYNE ENTERPRISES,118.13,USD,2025-05-26,2025-05-26,settled
T100047,U0059,ACME INC,124.72,USD,2025-05-12,2025-05-12,settled
T100048,U0036,BILL.COM,318.39,USD,2025-06-10,2025-06-12,settled
T100049,U0146,BILL.COM,424.1,USD,2025-05-24,2025-05-25,settled
T100050,U0119,ACME INC,322.81,USD,2025-06-18,2025-06-19,settled
T100051,U0103,STARK,292.44,USD,2025-06-04,2025-06-04,settled
T100052,U0092,GLOBEX,84.6,USD,2025-05-02,2025-05-03,settled
T100053,U0162,BILL.COM,497.26,EUR,2025-06-02,2025-06-02,settled
T100054,U0141,HONEYBOOK,93.52,USD,2025-05-07,2025-05-09,settled
T100055,U0144,BILL.COM,286.31,USD,2025-06-28,2025-06-30,settled
T100056,U0118,WIX,125.77,USD,2025-06-07,2025-06-07,settled
T100057,U0050,WIX,453.52,USD,2025-06-03,2025-06-03,settled
T100058,U0029,ACME INC,290.57,USD,2025-06-02,2025-06-02,settled
T100059,U0060,BILL.COM,143.98,USD,2025-06-18,2025-06-18,settled
T100060,U0171,STARK,237.62,USD,2025-06-22,2025-06-23,settled
T100061,U0098,STARK,12.65,USD,2025-05-29,2025-05-29,settled
T100062,U0045,HONEYBOOK,288.28,USD,2025-06-02,2025-06-04,settled
T100063,U0159,RELAY,137.9,USD,2025-05-18,2025-05-18,settled
T100064,U0053,GLOBEX,465.36,USD,2025-05-24,2025-05-25,settled
T100065,U0031,RELAY,495.08,USD,2025-05-27,2025-05-28,settled
T100066,U0129,GLOBEX,371.68,USD,2025-05-09,2025-05-11,settled
T100067,U0175,RELAY,150.33,USD,2025-06-04,2025-06-05,settled
T100068,U0152,BILL.COM,457.05,USD,2025-06-26,2025-06-26,settled
T100069,U0019,ACME INC,40.12,USD,2025-05-14,2025-05-16,settled
T100070,U0142,STARK,291.54,USD,2025-05-23,2025-05-25,settled
T100071,U0085,WAYNE ENTERPRISES,235.47,USD,2025-05-22,2025-05-23,settled
T100072,U0057,WIX,128.87,USD,2025-05-06,2025-05-08,settled
T100073,U0053,WAYNE ENTERPRISES,67.89,EUR,2025-05-08,2025-05-08,settled
T100074,U0059,STARK,482.8,USD,2025-05-06,2025-05-06,settled
T100075,U0115,WIX,272.61,USD,2025-06-09,2025-06-09,settled
T100076,U0113,STARK,358.72,USD,2025-05-17,2025-05-19,settled
T100077,U0018,STARK,373.3,USD,2025-06-06,2025-06-07,settled
T100078,U0116,WIX,418.81,USD,2025-05-12,2025-05-12,settled
T100079,U0128,GLOBEX,458.03,USD,2025-06-01,2025-06-02,settled
T100080,U0117,BILL.COM,95.52,USD,2025-05-16,2025-05-16,settled
T100081,U0191,RELAY,220.66,USD,2025-06-24,2025-06-26,settled
T100082,U0075,GLOBEX,181.21,USD,2025-06-26,2025-06-26,settled
T100083,U0068,RELAY,25.16,USD,2025-06-21,2025-06-21,settled
T100084,U0143,GLOBEX,382.87,USD,2025-06-08,2025-06-08,settled
T100085,U0100,RELAY,28.79,USD,2025-06-05,2025-06-06,settled
T100086,U0179,RELAY,12.58,USD,2025-06-27,2025-06-27,settled
T100087,U0068,HONEYBOOK,85.65,USD,2025-05-16,2025-05-18,settled
T100088,U0001,ACME INC,434.26,USD,2025-05-27,2025-05-28,settled
T100089,U0162,STARK,68.61,USD,2025-06-20,2025-06-22,settled
T100090,U0100,STARK,196.12,USD,2025-06-09,2025-06-10,settled
T100091,U0042,STARK,140.61,USD,2025-05-31,2025-06-01,settled
T100092,U0129,HONEYBOOK,51.75,USD,2025-05-23,2025-05-23,settled
T100093,U0089,BILL.COM,195.77,USD,2025-05-26,2025-05-27,settled
T100094,U0161,WAYNE ENTERPRISES,144.52,USD,2025-06-27,2025-06-27,settled
T100095,U0113,HONEYBOOK,468.64,USD,2025-05-25,2025-05-25,settled
T100096,U0163,GLOBEX,214.62,USD,2025-06-04,2025-06-04,settled
T100097,U0098,BILL.COM,68.21,EUR,2025-05-24,2025-05-26,settled
T100098,U0189,BILL.COM,429.91,USD,2025-05-13,2025-05-15,settled
T100099,U0098,ACME INC,191.98,USD,2025-05-20,2025-05-20,settled
T100100,U0085,HONEYBOOK,448.28,USD,2025-06-05,2025-06-05,settled
T100101,U0146,STARK,180.68,USD,2025-05-14,2025-05-16,settled
T100102,U0127,STARK,288.85,USD,2025-06-22,2025-06-22,settled
T100103,U0098,STARK,167.69,USD,2025-06-05,2025-06-05,settled
T100104,U0150,BILL.COM,395.86,USD,2025-06-11,2025-06-12,settled
T100105,U0166,WIX,277.02,USD,2025-06-04,2025-06-06,settled
T100106,U0074,GLOBEX,484.48,USD,2025-05-10,2025-05-11,settled
T100107,U0144,HONEYBOOK,420.05,USD,2025-05-13,2025-05-14,missing_test_only
T100108,U0136,GLOBEX,446.49,USD,2025-05-05,2025-05-05,settled
T100109,U0164,WIX,493.39,USD,2025-05-22,2025-05-22,missing_test_only
T100110,U0070,ACME INC,297.98,USD,2025-05-06,2025-05-08,settled
T100111,U0018,HONEYBOOK,192.1,USD,2025-05-27,2025-05-28,settled
T100112,U0089,WAYNE ENTERPRISES,60.04,USD,2025-06-14,2025-06-14,settled
T100113,U0125,GLOBEX,371.78,USD,2025-06-10,2025-06-12,settled
T100114,U0000,WAYNE ENTERPRISES,293.77,USD,2025-06-26,2025-06-28,settled
T100115,U0112,ACME INC,434.96,USD,2025-06-22,2025-06-23,settled
T100116,U0057,STARK,489.06,USD,2025-06-16,2025-06-16,settled
T100117,U0079,WIX,462.7,USD,2025-06-04,2025-06-06,settled
T100118,U0019,ACME INC,263.93,USD,2025-05-14,2025-05-16,settled
T100119,U0158,ACME INC,315.64,USD,2025-05-16,2025-05-18,settled
T100120,U0184,WAYNE ENTERPRISES,144.08,EUR,2025-05-16,2025-05-17,settled
T100121,U0151,STARK,171.15,USD,2025-06-05,2025-06-06,settled
T100122,U0135,GLOBEX,118.55,USD,2025-05-28,2025-05-28,settled
T100123,U0040,STARK,493.17,USD,2025-05-17,2025-05-17,settled
T100124,U0160,HONEYBOOK,407.83,USD,2025-06-17,2025-06-17,settled
T100125,U0140,WIX,42.72,USD,2025-05-18,2025-05-20,settled
T100126,U0196,RELAY,459.99,USD,2025-06-25,2025-06-26,settled
T100127,U0108,HONEYBOOK,18.05,USD,2025-06-23,2025-06-23,settled
T100128,U0145,BILL.COM,492.72,USD,2025-05-21,2025-05-22,settled
T100129,U0062,ACME INC,485.11,USD,2025-06-18,2025-06-18,settled
T100130,U0160,GLOBEX,23.23,USD,2025-05-21,2025-05-23,settled
T100131,U0005,STARK,407.39,USD,2025-05-05,2025-05-06,settled
T100132,U0002,HONEYBOOK,294.65,USD,2025-06-06,2025-06-07,settled
T100133,U0082,ACME INC,124.34,USD,2025-06-15,2025-06-15,settled
T100134,U0050,HONEYBOOK,305.06,USD,2025-05-01,2025-05-01,settled
T100135,U0031,GLOBEX,182.29,USD,2025-06-08,2025-06-09,settled
T100136,U0161,WIX,387.3,USD,2025-05-12,2025-05-12,settled
T100137,U0053,STARK,282.66,USD,2025-06-28,2025-06-28,settled
T100138,U0144,BILL.COM,242.62,USD,2025-05-15,2025-05-15,settled
T100139,U0084,WIX,353.52,USD,2025-06-08,2025-06-09,settled
T100140,U0191,STARK,490.33,USD,2025-06-03,2025-06-04,settled
T100141,U0029,RELAY,221.55,USD,2025-06-03,2025-06-03,settled
T100142,U0165,ACME INC,392.91,USD,2025-06-24,2025-06-25,settled
T100143,U0050,ACME INC,475.01,USD,2025-05-10,2025-05-10,settled
T100144,U0073,ACME INC,132.83,USD,2025-05-05,2025-05-06,settled
T100145,U0005,HONEYBOOK,176.97,USD,2025-06-17,2025-06-19,settled
T100146,U0114,RELAY,68.8,USD,2025-05-16,2025-05-18,settled
T100147,U0117,BILL.COM,322.23,USD,2025-06-25,2025-06-25,settled
T100148,U0194,BILL.COM,239.61,USD,2025-06-01,2025-06-02,settled
T100149,U0060,GLOBEX,115.81,USD,2025-05-05,2025-05-06,settled
T100150,U0091,GLOBEX,92.62,USD,2025-05-06,2025-05-06,settled
T100151,U0132,ACME INC,181.22,USD,2025-06-03,2025-06-03,settled
T100152,U0077,GLOBEX,346.75,USD,2025-05-26,2025-05-26,settled
T100153,U0046,ACME INC,345.45,USD,2025-05-30,2025-06-01,settled
T100154,U0062,BILL.COM,35.23,USD,2025-06-05,2025-06-05,settled
T100155,U0007,ACME INC,300.65,USD,2025-05-15,2025-05-17,settled
T100155,U0007,ACME INC,300.65,USD,2025-05-15,2025-05-17,settled
T100156,U0126,BILL.COM,244.84,USD,2025-05-28,2025-05-30,settled
T100157,U0077,BILL.COM,361.66,USD,2025-05-14,2025-05-16,settled
T100158,U0055,WAYNE ENTERPRISES,358.11,USD,2025-06-15,2025-06-17,missing_test_only
T100159,U0017,GLOBEX,180.3,USD,2025-05-25,2025-05-27,settled
T100160,U0027,GLOBEX,284.16,USD,2025-06-08,2025-06-09,settled
T100161,U0125,STARK,120.44,USD,2025-05-20,2025-05-20,settled
T100162,U0067,GLOBEX,395.64,USD,2025-06-16,2025-06-18,settled
T100163,U0033,RELAY,373.99,USD,2025-06-11,2025-06-11,settled
T100164,U0100,WIX,450.33,USD,2025-06-03,2025-06-05,settled
T100165,U0183,WAYNE ENTERPRISES,493.33,USD,2025-06-22,2025-06-23,settled
T100166,U0020,WIX,185.85,USD,2025-05-30,2025-06-01,settled
T100167,U0189,WIX,403.9,USD,2025-06-24,2025-06-24,settled
T100168,U0130,WAYNE ENTERPRISES,14.03,USD,2025-05-24,2025-05-26,settled
T100169,U0005,GLOBEX,290.12,USD,2025-05-04,2025-05-06,settled
T100170,U0133,WIX,132.66,USD,2025-06-26,2025-06-27,settled
T100171,U0078,WAYNE ENTERPRISES,287.95,USD,2025-06-14,2025-06-14,settled
T100172,U0069,GLOBEX,165.22,USD,2025-05-20,2025-05-20,settled
T100173,U0019,ACME INC,267.27,USD,2025-05-26,2025-05-27,settled
T100174,U0063,WIX,292.71,USD,2025-06-05,2025-06-05,settled
T100175,U0002,ACME INC,187.77,USD,2025-05-05,2025-05-07,settled
T100176,U0137,STARK,104.86,USD,2025-05-02,2025-05-02,settled
T100177,U0062,HONEYBOOK,6.34,USD,2025-05-11,2025-05-13,settled
T100178,U0151,WIX,208.86,USD,2025-05-31,2025-05-31,settled
T100179,U0068,WIX,374.26,USD,2025-05-14,2025-05-14,settled
T100180,U0119,WAYNE ENTERPRISES,469.48,USD,2025-06-04,2025-06-06,settled
T100181,U0000,BILL.COM,362.19,USD,2025-05-29,2025-05-31,settled
T100182,U0104,HONEYBOOK,104.81,USD,2025-06-04,2025-06-04,settled
T100183,U0164,HONEYBOOK,121.67,USD,2025-05-26,2025-05-27,settled
T100184,U0131,ACME INC,439.21,USD,2025-05-18,2025-05-20,settled
T100185,U0103,WIX,450.34,USD,2025-06-02,2025-06-04,settled
T100186,U0062,RELAY,290.86,USD,2025-06-02,2025-06-04,settled
T100187,U0193,WIX,37.98,USD,2025-06-08,2025-06-10,settled
T100188,U0197,WIX,169.74,USD,2025-05-08,2025-05-09,settled
T100189,U0191,STARK,398.04,USD,2025-06-02,2025-06-03,settled
T100190,U0154,STARK,498.86,USD,2025-06-02,2025-06-02,settled
T100191,U0154,RELAY,75.85,USD,2025-05-22,2025-05-23,settled
T100192,U0009,HONEYBOOK,439.0,EUR,2025-06-23,2025-06-24,settled
T100193,U0140,RELAY,192.52,USD,2025-06-21,2025-06-23,settled
T100194,U0156,BILL.COM,79.21,USD,2025-05-04,2025-05-04,settled
T100195,U0129,WAYNE ENTERPRISES,322.37,USD,2025-06-05,2025-06-06,settled
T100196,U0042,WAYNE ENTERPRISES,176.12,USD,2025-05-10,2025-05-11,settled
T100197,U0133,BILL.COM,214.68,USD,2025-06-15,2025-06-17,settled
T100198,U0139,GLOBEX,295.18,USD,2025-05-18,2025-05-18,settled
T100199,U0110,BILL.COM,436.7,USD,2025-06-13,2025-06-13,settled
T100200,U0119,HONEYBOOK,355.08,USD,2025-05-31,2025-06-01,settled
T100201,U0136,WIX,43.27,USD,2025-06-09,2025-06-09,settled
T100202,U0010,RELAY,65.79,USD,2025-05-26,2025-05-27,settled
T100203,U0163,WIX,419.56,USD,2025-06-23,2025-06-25,settled
T100204,U0114,BILL.COM,305.91,USD,2025-05-09,2025-05-09,settled
T100205,U0136,GLOBEX,402.41,USD,2025-06-10,2025-06-12,settled
T100206,U0062,STARK,271.01,USD,2025-06-07,2025-06-08,settled
T100207,U0134,GLOBEX,243.01,USD,2025-05-17,2025-05-19,settled
T100208,U0186,STARK,456.81,USD,2025-05-24,2025-05-24,settled
T100209,U0198,STARK,212.37,USD,2025-06-02,2025-06-02,settled
T100210,U0028,RELAY,142.41,USD,2025-05-28,2025-05-29,settled
T100211,U0048,RELAY,487.89,USD,2025-05-20,2025-05-21,settled
T100212,U0085,STARK,269.86,USD,2025-05-07,2025-05-07,settled
T100213,U0140,WIX,376.23,USD,2025-05-19,2025-05-20,settled
T100214,U0031,WIX,99.39,USD,2025-05-29,2025-05-30,settled
T100215,U0143,BILL.COM,295.79,USD,2025-05-14,2025-05-16,settled
T100216,U0174,GLOBEX,264.57,USD,2025-06-18,2025-06-19,settled
T100217,U0165,WAYNE ENTERPRISES,81.84,USD,2025-05-08,2025-05-08,settled
T100217,U0165,WAYNE ENTERPRISES,81.84,USD,2025-05-08,2025-05-08,settled
T100218,U0054,RELAY,377.86,USD,2025-05-10,2025-05-12,settled
T100219,U0109,GLOBEX,207.32,USD,2025-06-24,2025-06-25,settled
T100220,U0134,HONEYBOOK,206.95,USD,2025-06-24,2025-06-26,settled
T100221,U0186,RELAY,14.76,USD,2025-06-26,2025-06-28,settled
T100221,U0186,RELAY,14.76,USD,2025-06-26,2025-06-28,settled
T100222,U0066,WAYNE ENTERPRISES,328.11,USD,2025-06-03,2025-06-05,settled
T100223,U0095,BILL.COM,362.52,USD,2025-06-12,2025-06-12,settled
T100224,U0181,HONEYBOOK,206.16,USD,2025-06-17,2025-06-18,settled
T100225,U0006,GLOBEX,47.33,USD,2025-05-21,2025-05-23,settled
T100226,U0111,HONEYBOOK,438.84,USD,2025-06-29,2025-06-30,settled
T100227,U0001,ACME INC,409.63,USD,2025-05-11,2025-05-12,settled
T100228,U0129,WAYNE ENTERPRISES,297.2,USD,2025-05-20,2025-05-20,settled
T100229,U0036,WIX,388.05,USD,2025-06-03,2025-06-03,settled
T100230,U0171,WAYNE ENTERPRISES,474.48,USD,2025-06-13,2025-06-13,settled
T100231,U0157,BILL.COM,492.76,USD,2025-06-01,2025-06-01,settled
T100232,U0113,WAYNE ENTERPRISES,258.67,USD,2025-06-09,2025-06-10,settled
T100233,U0024,RELAY,112.92,USD,2025-06-12,2025-06-13,settled
T100234,U0003,GLOBEX,265.22,EUR,2025-05-23,2025-05-23,settled
T100235,U0074,WIX,457.58,USD,2025-06-11,2025-06-11,settled
T100236,U0165,GLOBEX,279.32,USD,2025-06-07,2025-06-08,settled
T100237,U0075,RELAY,57.76,USD,2025-05-21,2025-05-23,settled
T100238,U0056,RELAY,437.58,USD,2025-06-03,2025-06-03,settled
T100239,U0052,RELAY,288.78,USD,2025-05-26,2025-05-26,settled
T100240,U0189,GLOBEX,213.91,USD,2025-06-29,2025-06-30,settled
T100241,U0106,ACME INC,45.99,USD,2025-06-20,2025-06-21,settled
T100242,U0028,HONEYBOOK,419.35,USD,2025-06-05,2025-06-05,settled
T100243,U0186,RELAY,307.15,USD,2025-06-03,2025-06-05,missing_test_only
T100244,U0110,BILL.COM,468.73,USD,2025-06-25,2025-06-25,settled
T100245,U0035,RELAY,134.82,EUR,2025-06-21,2025-06-23,settled
T100246,U0080,WIX,477.84,EUR,2025-05-09,2025-05-10,settled
T100247,U0193,HONEYBOOK,175.47,USD,2025-05-17,2025-05-17,settled
T100248,U0060,WAYNE ENTERPRISES,301.15,USD,2025-06-08,2025-06-10,settled
T100249,U0130,GLOBEX,400.71,USD,2025-06-20,2025-06-21,settled
T100249,U0130,GLOBEX,400.71,USD,2025-06-20,2025-06-21,settled
T100250,U0101,GLOBEX,56.03,USD,2025-06-28,2025-06-30,settled
T100251,U0048,HONEYBOOK,396.06,USD,2025-06-24,2025-06-24,settled
T100252,U0046,STARK,273.24,USD,2025-05-19,2025-05-21,settled
T100253,U0148,ACME INC,331.1,USD,2025-05-06,2025-05-06,settled
T100254,U0088,STARK,114.5,USD,2025-06-10,2025-06-10,settled
T100255,U0025,RELAY,26.86,USD,2025-05-07,2025-05-07,settled
T100256,U0150,GLOBEX,286.13,USD,2025-05-14,2025-05-16,settled
T100257,U0116,RELAY,152.19,USD,2025-05-08,2025-05-09,settled
T100258,U0058,RELAY,398.69,USD,2025-05-30,2025-06-01,settled
T100259,U0145,WAYNE ENTERPRISES,415.31,USD,2025-05-14,2025-05-16,settled
T100260,U0151,WAYNE ENTERPRISES,282.54,USD,2025-06-03,2025-06-05,settled
T100261,U0036,WAYNE ENTERPRISES,173.24,USD,2025-05-23,2025-05-25,settled
T100262,U0014,BILL.COM,272.05,USD,2025-05-22,2025-05-22,settled
T100263,U0140,GLOBEX,262.48,USD,2025-06-13,2025-06-14,settled
T100264,U0193,RELAY,233.66,USD,2025-05-30,2025-06-01,settled
T100265,U0012,HONEYBOOK,195.06,EUR,2025-06-04,2025-06-06,settled
T100266,U0038,WIX,178.6,USD,2025-06-18,2025-06-18,settled
T100267,U0061,HONEYBOOK,242.49,USD,2025-06-25,2025-06-27,settled
T100268,U0120,GLOBEX,50.39,USD,2025-05-05,2025-05-05,settled
T100269,U0176,WAYNE ENTERPRISES,236.32,USD,2025-06-19,2025-06-20,settled
T100270,U0189,HONEYBOOK,25.84,USD,2025-06-22,2025-06-23,settled
T100271,U0072,RELAY,195.24,USD,2025-05-04,2025-05-06,settled
T100272,U0036,HONEYBOOK,133.2,USD,2025-06-08,2025-06-10,settled
T100273,U0045,BILL.COM,236.36,USD,2025-06-03,2025-06-03,settled
T100274,U0198,STARK,37.17,USD,2025-05-20,2025-05-20,settled
T100275,U0062,WIX,305.83,USD,2025-06-12,2025-06-13,settled
T100276,U0056,GLOBEX,23.18,USD,2025-06-25,2025-06-26,settled
T100277,U0004,HONEYBOOK,316.74,USD,2025-06-18,2025-06-18,settled
T100278,U0098,STARK,497.48,USD,2025-06-28,2025-06-29,settled
T100279,U0162,GLOBEX,248.14,USD,2025-05-24,2025-05-26,settled
T100280,U0159,WAYNE ENTERPRISES,116.1,USD,2025-05-09,2025-05-10,settled
T100281,U0100,GLOBEX,231.43,USD,2025-05-03,2025-05-05,settled
T100282,U0028,ACME INC,26.97,EUR,2025-05-12,2025-05-13,settled
T100283,U0008,RELAY,329.34,USD,2025-05-11,2025-05-13,settled
T100284,U0123,RELAY,7.52,USD,2025-06-17,2025-06-18,settled
T100285,U0145,WIX,481.25,USD,2025-05-13,2025-05-13,settled
T100286,U0080,GLOBEX,250.1,EUR,2025-05-29,2025-05-31,settled
T100287,U0185,WAYNE ENTERPRISES,177.17,EUR,2025-06-09,2025-06-11,settled
T100288,U0032,WIX,263.02,USD,2025-06-09,2025-06-09,settled
T100289,U0058,WAYNE ENTERPRISES,84.4,USD,2025-06-12,2025-06-12,settled
T100290,U0088,HONEYBOOK,341.67,USD,2025-05-27,2025-05-28,settled
T100291,U0187,RELAY,441.41,USD,2025-06-27,2025-06-27,settled
T100292,U0030,RELAY,7.55,USD,2025-06-12,2025-06-12,settled
T100293,U0157,RELAY,84.58,EUR,2025-05-02,2025-05-03,settled
T100293,U0157,RELAY,84.58,EUR,2025-05-02,2025-05-03,settled
T100294,U0076,HONEYBOOK,133.05,USD,2025-06-01,2025-06-01,settled
T100295,U0045,WAYNE ENTERPRISES,490.69,USD,2025-06-09,2025-06-11,settled
T100296,U0097,STARK,9.49,USD,2025-06-17,2025-06-18,settled
T100297,U0157,RELAY,272.93,EUR,2025-06-03,2025-06-05,settled
T100298,U0155,STARK,93.85,USD,2025-05-29,2025-05-30,settled
T100299,U0195,STARK,345.5,USD,2025-05-27,2025-05-27,settled
T100300,U0011,WIX,355.74,USD,2025-05-22,2025-05-23,settled
T100301,U0119,WAYNE ENTERPRISES,426.95,USD,2025-06-16,2025-06-16,settled
T100302,U0163,WAYNE ENTERPRISES,69.39,USD,2025-05-07,2025-05-07,settled
T100303,U0138,ACME INC,165.19,USD,2025-06-01,2025-06-03,settled
T100304,U0057,RELAY,225.72,USD,2025-06-03,2025-06-03,settled
T100305,U0003,ACME INC,55.59,USD,2025-05-15,2025-05-17,settled
T100306,U0028,HONEYBOOK,152.7,USD,2025-05-02,2025-05-04,settled
T100307,U0083,WIX,70.01,USD,2025-05-17,2025-05-18,settled
T100308,U0183,STARK,366.98,USD,2025-05-16,2025-05-16,settled
T100308,U0183,STARK,366.98,USD,2025-05-16,2025-05-16,settled
T100309,U0186,STARK,201.81,USD,2025-05-05,2025-05-07,settled
T100310,U0000,GLOBEX,447.58,USD,2025-06-03,2025-06-03,settled
T100311,U0162,BILL.COM,434.72,USD,2025-05-12,2025-05-13,settled
T100312,U0014,STARK,239.24,USD,2025-06-29,2025-06-30,settled
T100313,U0144,HONEYBOOK,389.42,USD,2025-05-27,2025-05-28,settled
T100314,U0049,STARK,13.84,USD,2025-06-13,2025-06-13,settled
T100315,U0023,STARK,483.92,USD,2025-06-15,2025-06-17,settled
T100316,U0152,WIX,63.07,USD,2025-06-13,2025-06-13,settled
T100317,U0165,BILL.COM,248.34,USD,2025-05-22,2025-05-23,settled
T100318,U0116,GLOBEX,399.79,USD,2025-05-13,2025-05-13,settled
T100319,U0071,HONEYBOOK,40.86,USD,2025-05-18,2025-05-19,settled
T100320,U0094,WIX,149.37,USD,2025-05-25,2025-05-25,settled
T100321,U0101,ACME INC,24.61,USD,2025-06-20,2025-06-20,settled
T100322,U0144,STARK,493.4,USD,2025-05-15,2025-05-16,settled
T100323,U0085,STARK,352.72,USD,2025-06-09,2025-06-10,settled
T100324,U0096,GLOBEX,269.45,USD,2025-05-30,2025-05-30,settled
T100325,U0076,STARK,182.11,USD,2025-06-07,2025-06-09,settled
T100326,U0089,WIX,348.13,USD,2025-06-03,2025-06-04,settled
T100327,U0118,STARK,56.76,USD,2025-05-03,2025-05-05,settled
T100328,U0133,ACME INC,468.43,USD,2025-06-01,2025-06-01,settled
T100329,U0113,STARK,436.13,USD,2025-05-28,2025-05-29,settled
T100330,U0083,WIX,308.07,USD,2025-05-11,2025-05-12,missing_test_only
T100331,U0057,WIX,228.9,USD,2025-06-10,2025-06-11,settled
T100332,U0013,WAYNE ENTERPRISES,363.79,USD,2025-05-23,2025-05-23,settled
T100333,U0024,HONEYBOOK,309.79,USD,2025-06-24,2025-06-25,settled
T100334,U0099,HONEYBOOK,95.15,USD,2025-06-24,2025-06-26,settled
T100335,U0043,GLOBEX,15.33,USD,2025-05-22,2025-05-22,settled
T100336,U0095,BILL.COM,487.52,USD,2025-05-28,2025-05-29,settled
T100337,U0034,HONEYBOOK,40.74,USD,2025-05-15,2025-05-15,settled
T100338,U0134,STARK,91.23,USD,2025-05-31,2025-06-01,settled
T100339,U0188,BILL.COM,215.62,USD,2025-05-28,2025-05-29,settled
T100340,U0019,STARK,24.85,USD,2025-06-20,2025-06-20,settled
T100341,U0163,GLOBEX,364.0,EUR,2025-05-02,2025-05-04,settled
T100342,U0161,STARK,213.75,USD,2025-06-20,2025-06-22,settled
T100343,U0185,WIX,182.78,USD,2025-06-14,2025-06-15,settled
T100344,U0039,HONEYBOOK,367.89,EUR,2025-05-26,2025-05-27,settled
T100345,U0086,GLOBEX,122.58,USD,2025-05-02,2025-05-04,settled
T100346,U0036,HONEYBOOK,39.22,USD,2025-06-23,2025-06-23,settled
T100347,U0110,WIX,259.83,USD,2025-05-20,2025-05-21,settled
T100348,U0069,ACME INC,198.59,USD,2025-05-02,2025-05-04,settled
T100349,U0004,RELAY,296.26,USD,2025-06-25,2025-06-25,settled
T100350,U0150,RELAY,121.16,USD,2025-05-03,2025-05-04,settled
T100351,U0013,BILL.COM,262.29,USD,2025-05-12,2025-05-13,settled
T100352,U0104,ACME INC,227.47,USD,2025-06-12,2025-06-12,settled
T100353,U0056,BILL.COM,182.83,USD,2025-06-26,2025-06-28,settled
T100354,U0164,RELAY,333.58,USD,2025-06-18,2025-06-18,settled
T100355,U0119,STARK,225.95,USD,2025-05-06,2025-05-08,settled
T100356,U0188,STARK,138.53,USD,2025-05-09,2025-05-11,settled
T100357,U0036,STARK,30.59,USD,2025-06-24,2025-06-26,settled
T100358,U0197,HONEYBOOK,467.27,USD,2025-06-02,2025-06-02,settled
T100359,U0178,WIX,345.66,USD,2025-06-22,2025-06-23,settled
T100360,U0042,WIX,476.15,USD,2025-05-29,2025-05-29,settled
T100361,U0038,RELAY,130.84,USD,2025-06-19,2025-06-21,settled
T100362,U0171,WIX,74.13,USD,2025-06-21,2025-06-22,settled
T100363,U0123,RELAY,85.38,USD,2025-05-01,2025-05-03,settled
T100364,U0007,HONEYBOOK,224.66,USD,2025-06-16,2025-06-17,settled
T100365,U0174,GLOBEX,332.51,USD,2025-06-12,2025-06-13,settled
T100366,U0157,GLOBEX,125.85,USD,2025-05-08,2025-05-10,settled
T100367,U0112,STARK,60.99,USD,2025-06-15,2025-06-15,settled
T100368,U0000,WAYNE ENTERPRISES,470.73,USD,2025-06-22,2025-06-22,settled
T100369,U0104,GLOBEX,177.54,USD,2025-06-19,2025-06-20,settled
T100370,U0062,ACME INC,433.89,USD,2025-06-17,2025-06-17,settled
T100371,U0072,HONEYBOOK,285.67,USD,2025-05-04,2025-05-05,settled
T100372,U0124,WIX,166.88,USD,2025-05-06,2025-05-07,settled
T100373,U0081,HONEYBOOK,399.92,USD,2025-06-14,2025-06-16,settled
T100374,U0128,BILL.COM,151.95,USD,2025-05-25,2025-05-25,settled
T100375,U0142,ACME INC,186.4,USD,2025-05-15,2025-05-15,settled
T100376,U0146,STARK,276.51,USD,2025-06-18,2025-06-18,settled
T100377,U0034,STARK,12.26,USD,2025-06-04,2025-06-05,settled
T100378,U0073,GLOBEX,234.43,USD,2025-05-21,2025-05-22,settled
T100379,U0071,BILL.COM,424.35,USD,2025-06-22,2025-06-22,settled
T100380,U0153,ACME INC,193.2,EUR,2025-06-17,2025-06-17,settled
T100381,U0043,STARK,305.91,USD,2025-05-23,2025-05-24,settled
T100382,U0045,GLOBEX,359.17,USD,2025-06-14,2025-06-14,settled
T100383,U0150,WAYNE ENTERPRISES,8.74,USD,2025-06-22,2025-06-24,settled
T100384,U0024,STARK,463.88,USD,2025-05-04,2025-05-04,settled
T100385,U0140,WIX,101.31,USD,2025-05-04,2025-05-04,settled
T100386,U0051,WIX,157.11,USD,2025-06-04,2025-06-05,settled
T100387,U0163,WIX,359.49,USD,2025-05-13,2025-05-14,settled
T100388,U0088,WIX,94.67,USD,2025-06-13,2025-06-14,settled
T100389,U0038,HONEYBOOK,96.37,USD,2025-06-25,2025-06-25,missing_test_only
T100390,U0169,HONEYBOOK,132.0,USD,2025-05-20,2025-05-21,settled
T100391,U0006,WIX,277.36,USD,2025-06-11,2025-06-13,settled
T100392,U0122,HONEYBOOK,302.8,USD,2025-05-22,2025-05-22,settled
T100393,U0025,ACME INC,325.07,USD,2025-06-27,2025-06-27,settled
T100394,U0124,GLOBEX,450.51,USD,2025-06-18,2025-06-19,settled
T100395,U0090,HONEYBOOK,154.52,USD,2025-05-19,2025-05-21,settled
T100396,U0088,GLOBEX,384.49,USD,2025-06-02,2025-06-04,settled
T100397,U0068,RELAY,121.44,EUR,2025-06-02,2025-06-04,settled
T100398,U0148,ACME INC,93.33,USD,2025-05-15,2025-05-17,settled
T100399,U0198,BILL.COM,320.79,USD,2025-05-14,2025-05-14,settled
T100400,U0184,WIX,75.18,USD,2025-06-04,2025-06-06,settled
T100401,U0084,GLOBEX,205.14,USD,2025-06-10,2025-06-10,settled
T100402,U0023,STARK,410.26,USD,2025-05-26,2025-05-27,settled
T100403,U0041,BILL.COM,140.71,USD,2025-06-09,2025-06-09,settled
T100404,U0096,STARK,99.97,USD,2025-06-02,2025-06-04,settled
T100405,U0069,ACME INC,310.49,USD,2025-06-18,2025-06-19,settled
T100406,U0187,HONEYBOOK,39.62,USD,2025-05-21,2025-05-22,settled
T100407,U0199,GLOBEX,341.67,USD,2025-06-27,2025-06-29,settled
T100408,U0085,WIX,30.91,USD,2025-05-02,2025-05-03,settled
T100409,U0034,GLOBEX,225.94,USD,2025-05-22,2025-05-23,settled
T100410,U0035,HONEYBOOK,91.77,USD,2025-06-16,2025-06-16,settled
T100411,U0054,BILL.COM,207.69,USD,2025-06-26,2025-06-28,settled
T100412,U0143,STARK,177.05,USD,2025-05-08,2025-05-10,settled
T100413,U0143,WIX,121.15,USD,2025-06-20,2025-06-21,settled
T100414,U0004,STARK,463.87,USD,2025-06-26,2025-06-27,settled
T100414,U0004,STARK,463.87,USD,2025-06-26,2025-06-27,settled
T100415,U0148,STARK,313.67,USD,2025-05-08,2025-05-10,settled
T100416,U0031,ACME INC,306.2,USD,2025-06-07,2025-06-08,settled
T100417,U0141,STARK,155.05,USD,2025-06-10,2025-06-10,settled
T100418,U0001,WAYNE ENTERPRISES,123.33,USD,2025-05-11,2025-05-13,settled
T100419,U0179,WIX,226.37,USD,2025-05-18,2025-05-20,settled
T100420,U0005,WAYNE ENTERPRISES,394.21,USD,2025-05-22,2025-05-22,settled
T100421,U0011,RELAY,201.6,USD,2025-05-18,2025-05-18,settled
T100422,U0034,WIX,439.6,USD,2025-05-14,2025-05-15,settled
T100423,U0066,BILL.COM,109.93,USD,2025-05-09,2025-05-11,settled
T100424,U0148,WAYNE ENTERPRISES,90.89,USD,2025-06-04,2025-06-05,settled
T100425,U0019,GLOBEX,322.28,USD,2025-05-02,2025-05-02,settled
T100426,U0053,ACME INC,461.76,USD,2025-05-01,2025-05-02,settled
T100427,U0079,WIX,415.52,USD,2025-05-03,2025-05-05,settled
T100428,U0168,WIX,77.46,EUR,2025-05-08,2025-05-08,settled
T100429,U0195,ACME INC,120.11,USD,2025-06-29,2025-06-29,settled
T100430,U0030,WIX,438.67,USD,2025-06-29,2025-07-01,settled
T100431,U0133,BILL.COM,111.94,USD,2025-06-29,2025-07-01,missing_test_only
T100432,U0030,WAYNE ENTERPRISES,284.4,USD,2025-05-10,2025-05-10,settled
T100433,U0129,WIX,497.46,USD,2025-06-25,2025-06-27,settled
T100434,U0082,ACME INC,75.41,USD,2025-05-28,2025-05-29,settled
T100435,U0114,RELAY,347.62,EUR,2025-05-04,2025-05-06,settled
T100436,U0039,ACME INC,120.16,USD,2025-05-29,2025-05-30,settled
T100437,U0177,RELAY,397.09,USD,2025-06-04,2025-06-06,settled
T100438,U0154,STARK,243.41,USD,2025-06-06,2025-06-06,settled
T100439,U0085,HONEYBOOK,10.46,USD,2025-05-27,2025-05-27,settled
T100440,U0078,HONEYBOOK,381.34,USD,2025-06-25,2025-06-27,settled
T100441,U0132,ACME INC,165.13,USD,2025-06-19,2025-06-19,settled
T100442,U0180,GLOBEX,36.99,USD,2025-06-05,2025-06-05,settled
T100443,U0187,WAYNE ENTERPRISES,229.92,USD,2025-06-24,2025-06-24,settled
T100444,U0025,WIX,79.27,USD,2025-06-17,2025-06-18,settled
T100445,U0179,HONEYBOOK,232.43,USD,2025-06-11,2025-06-11,settled
T100446,U0112,ACME INC,55.56,USD,2025-06-10,2025-06-10,settled
T100447,U0129,STARK,42.83,EUR,2025-05-10,2025-05-11,settled
T100448,U0057,BILL.COM,451.37,USD,2025-05-28,2025-05-30,missing_test_only
T100449,U0033,BILL.COM,448.08,USD,2025-06-18,2025-06-20,settled
T100450,U0144,STARK,228.06,USD,2025-05-19,2025-05-19,settled
T100451,U0159,STARK,258.55,USD,2025-05-13,2025-05-13,settled
T100452,U0086,WAYNE ENTERPRISES,331.22,USD,2025-05-24,2025-05-26,settled
T100453,U0151,ACME INC,478.47,USD,2025-06-09,2025-06-10,settled
T100454,U0158,WIX,495.84,USD,2025-05-15,2025-05-17,settled
T100455,U0134,WAYNE ENTERPRISES,96.67,USD,2025-05-05,2025-05-05,settled
T100456,U0093,WIX,383.36,USD,2025-05-10,2025-05-11,settled
T100457,U0110,BILL.COM,259.76,USD,2025-05-31,2025-05-31,settled
T100458,U0072,GLOBEX,335.34,USD,2025-06-18,2025-06-19,settled
T100459,U0067,WIX,39.28,USD,2025-06-27,2025-06-29,settled
T100460,U0189,RELAY,484.4,USD,2025-06-05,2025-06-07,settled
T100460,U0189,RELAY,484.4,USD,2025-06-05,2025-06-07,settled
T100461,U0001,WIX,245.58,USD,2025-05-31,2025-06-01,settled
T100462,U0010,GLOBEX,172.44,USD,2025-05-18,2025-05-20,settled
T100463,U0152,BILL.COM,218.88,USD,2025-06-19,2025-06-20,settled
T100464,U0157,STARK,65.14,USD,2025-06-20,2025-06-21,settled
T100465,U0112,BILL.COM,496.25,USD,2025-05-30,2025-06-01,settled
T100466,U0038,ACME INC,132.92,USD,2025-05-18,2025-05-18,settled
T100467,U0140,WIX,232.97,USD,2025-06-15,2025-06-16,settled
T100468,U0134,RELAY,329.8,USD,2025-05-22,2025-05-23,settled
T100469,U0088,WIX,272.08,USD,2025-05-18,2025-05-19,settled
T100470,U0028,HONEYBOOK,364.36,USD,2025-06-19,2025-06-21,settled
T100471,U0150,BILL.COM,174.48,USD,2025-06-12,2025-06-12,settled
T100472,U0188,ACME INC,256.64,USD,2025-06-23,2025-06-25,settled
T100473,U0022,HONEYBOOK,51.41,USD,2025-06-06,2025-06-08,settled
T100474,U0135,GLOBEX,281.23,USD,2025-05-01,2025-05-01,settled
T100475,U0002,ACME INC,142.56,EUR,2025-06-01,2025-06-02,settled
T100476,U0097,WAYNE ENTERPRISES,158.91,USD,2025-06-15,2025-06-17,settled
T100477,U0154,GLOBEX,180.92,USD,2025-05-09,2025-05-10,settled
T100478,U0089,GLOBEX,22.48,USD,2025-05-14,2025-05-15,settled
T100479,U0120,GLOBEX,380.54,USD,2025-05-11,2025-05-13,settled
T100480,U0069,BILL.COM,253.51,USD,2025-05-04,2025-05-06,settled
T100481,U0124,STARK,362.43,USD,2025-06-23,2025-06-25,settled
T100482,U0153,HONEYBOOK,333.21,USD,2025-06-09,2025-06-11,settled
T100483,U0148,GLOBEX,311.7,USD,2025-06-29,2025-06-29,settled
T100484,U0172,STARK,204.15,USD,2025-05-04,2025-05-04,settled
T100485,U0013,WAYNE ENTERPRISES,37.1,USD,2025-06-27,2025-06-29,settled
T100486,U0131,BILL.COM,303.73,USD,2025-05-30,2025-05-31,settled
T100487,U0146,RELAY,16.35,USD,2025-06-18,2025-06-20,settled
T100488,U0109,WAYNE ENTERPRISES,33.98,USD,2025-05-30,2025-05-31,settled
T100489,U0116,RELAY,413.44,USD,2025-06-17,2025-06-17,settled
T100490,U0093,RELAY,369.08,EUR,2025-05-18,2025-05-20,settled
T100491,U0115,ACME INC,301.12,USD,2025-05-11,2025-05-11,settled
T100492,U0117,HONEYBOOK,90.87,USD,2025-05-04,2025-05-06,settled
T100493,U0142,WIX,495.61,USD,2025-06-08,2025-06-08,settled
T100494,U0089,BILL.COM,105.45,USD,2025-05-10,2025-05-11,settled
T100495,U0002,HONEYBOOK,351.62,USD,2025-06-23,2025-06-23,settled
T100496,U0197,ACME INC,465.16,USD,2025-06-22,2025-06-24,settled
T100497,U0169,WAYNE ENTERPRISES,217.68,USD,2025-05-29,2025-05-29,settled
T100498,U0048,HONEYBOOK,231.8,USD,2025-06-05,2025-06-06,settled
T100499,U0089,STARK,29.67,USD,2025-06-19,2025-06-21,settled
